round,hour,load
0,1,12823.7013132679
0,2,16816.221374186
0,3,17615.5758247213
0,4,13890.3660016926
1,1,11000
1,2,17000
1,3,18200
1,4,16000
2,1,12200
2,2,16000
2,3,18500
2,4,15000
3,1,15000
3,2,16200
3,3,18200
3,4,16000
4,1,12200
4,2,16000
4,3,18500
4,4,14000
5,1,15000
5,2,16200
5,3,18200
5,4,16000
6,1,12200
6,2,16000
6,3,18500
6,4,15000
