round,hour,load
0,1,12823.7013132679
0,2,16816.221374186
0,3,17615.5758247213
0,4,13890.3660016926
1,1,10628.19372576
1,2,17548.2294226816
1,3,18049.5803980535
1,4,16419.1427078144
2,1,13498.1311399096
2,2,15859.4399593586
2,3,17556.4453623693
2,4,14965.735676527
3,1,15000
3,2,16200
3,3,18200
3,4,16000
4,1,12200
4,2,16000
4,3,18500
4,4,14000
5,1,15000
5,2,16200
5,3,18200
5,4,16000
6,1,12200
6,2,16000
6,3,18500
6,4,15000
